Palabra,Peso TF-IDF
ai,0.07204134084819913
generative,0.049030127898830475
genai,0.04539131680377704
artificial,0.0432439980789719
intelligence,0.043075575286281184
learning,0.03379189721577124
research,0.03204829565090618
gai,0.03023718792418007
study,0.02888412882736768
education,0.028165326950942104
data,0.02766295373826242
tools,0.02548184260439978
design,0.025364960448919855
models,0.024940481699160445
use,0.02157823651566644
