Palabra,Peso TF-IDF
ai,0.07206666548102403
generative,0.049088846721636464
genai,0.045040223445617186
artificial,0.043051900156925504
intelligence,0.04289142922344937
learning,0.033823866080459244
research,0.032074995686493635
gai,0.030456009717439246
study,0.029064785294010957
education,0.02823043468043816
data,0.027397751657985844
design,0.02529004262792821
tools,0.025252624206540824
models,0.024878409252142374
use,0.021325424907929522
