,frontiers and challenges of artificial...,a survey on some artificial...,research on middle school english...,integrating generative artificial intellig
frontiers and challenges of artificial...,1.0,0.188212927756654,0.17680608365019013,0.2433460076045627
a survey on some artificial...,0.188212927756654,1.0,0.22568093385214005,0.20208333333333328
research on middle school english...,0.17680608365019013,0.22568093385214005,1.0,0.19687500000000002
integrating generative artificial intellig,0.2433460076045627,0.20208333333333328,0.19687500000000002,1.0
