,frontiers and challenges of artificial...,a survey on some artificial...,research on middle school english...,integrating generative artificial intellig
frontiers and challenges of artificial...,1.0,0.38533690571784973,0.4050641655921936,0.37170302867889404
a survey on some artificial...,0.38533690571784973,1.0,0.4104214906692505,0.24509121477603912
research on middle school english...,0.4050641655921936,0.4104214906692505,1.0,0.38319945335388184
integrating generative artificial intellig,0.37170302867889404,0.24509121477603912,0.38319945335388184,1.0
