,frontiers and challenges of artificial...,a survey on some artificial...,research on middle school english...,integrating generative artificial intellig
frontiers and challenges of artificial...,1.0,0.7137377858161926,0.8142017722129822,0.8819538950920105
a survey on some artificial...,0.7137377858161926,1.0,0.7309953570365906,0.6946417689323425
research on middle school english...,0.8142017722129822,0.7309953570365906,1.0,0.7770944237709045
integrating generative artificial intellig,0.8819538950920105,0.6946417689323425,0.7770944237709045,1.0
