,frontiers and challenges of artificial...,a survey on some artificial...,research on middle school english...,integrating generative artificial intellig
frontiers and challenges of artificial...,1.0,0.06231510052705408,0.06791173613722157,0.029871231130984548
a survey on some artificial...,0.06231510052705407,1.0,0.05182225690490293,0.023382829737824715
research on middle school english...,0.06791173613722157,0.05182225690490293,1.0,0.10492856110132535
integrating generative artificial intellig,0.02987123113098456,0.023382829737824715,0.10492856110132535,1.0
