,frontiers and challenges of artificial...,a survey on some artificial...,research on middle school english...,integrating generative artificial intellig
frontiers and challenges of artificial...,1.0,0.058059587471352175,0.059907834101382486,0.041749502982107355
a survey on some artificial...,0.07028265851795264,1.0,0.015779092702169626,0.07395234182415776
research on middle school english...,0.03225806451612903,0.20907297830374755,1.0,0.08264462809917356
integrating generative artificial intellig,0.03876739562624255,0.021364009860312245,0.013223140495867768,1.0
